CustomerID,CustomerName,CustomerSegment
C0001,Ngozi Okafor,SME
C0002,Yusuf Eze,Individual
C0003,Ifeoma Bello,SME
C0004,Ngozi Chukwu,SME
C0005,Chioma Adeyemi,Corporate
C0006,Michael Nwosu,Corporate
C0007,Chinedu Okafor,Corporate
C0008,Femi Eze,Individual
C0009,Ifeoma Umeh,SME
C0010,Joy Okafor,SME
C0011,Chioma Eze,Corporate
C0012,Chioma Nwosu,Individual
C0013,Ifeoma Olawale,Individual
C0014,Michael Ibrahim,Corporate
C0015,Amina Onyeka,Corporate
C0016,Blessing Balogun,Corporate
C0017,Mary Adebayo,SME
C0018,Yusuf Bello,SME
C0019,Emeka Onyeka,SME
C0020,David Adeyemi,Corporate
C0021,Femi Nwosu,SME
C0022,Ngozi Adebayo,Corporate
C0023,Grace Abubakar,Corporate
C0024,Yusuf Onyeka,SME
C0025,Chinedu Balogun,SME
C0026,Daniel Umeh,Individual
C0027,Ngozi Ezeh,Corporate
C0028,Samuel Adeyemi,SME
C0029,Chioma Ibrahim,SME
C0030,Joy Ezeh,Corporate
C0031,Grace Abubakar,SME
C0032,Emeka Balogun,Corporate
C0033,Femi Okafor,Corporate
C0034,Ifeoma Onyeka,Individual
C0035,Ada Adeyemi,Individual
C0036,Ifeoma Musa,Individual
C0037,Ngozi Nwosu,SME
C0038,Yusuf Olawale,Corporate
C0039,Grace Bello,SME
C0040,Grace Adebayo,SME
C0041,Emeka Chukwu,Corporate
C0042,Yusuf Balogun,SME
C0043,Femi Abubakar,Corporate
C0044,Blessing Umeh,Individual
C0045,Ifeoma Bello,Corporate
C0046,Daniel Nwosu,SME
C0047,Yusuf Ezeh,SME
C0048,Chioma Eze,SME
C0049,David Musa,SME
C0050,Chinedu Eze,Corporate
C0051,Chinedu Onyeka,Individual
C0052,David Nwosu,Individual
C0053,Yusuf Adeyemi,Individual
C0054,Emeka Ezeh,Individual
C0055,Michael Ezeh,SME
C0056,David Eze,Individual
C0057,Esther Nwosu,Corporate
C0058,Daniel Bello,Corporate
C0059,Yusuf Bello,Corporate
C0060,Ifeoma Balogun,SME
C0061,Chioma Umeh,SME
C0062,Yusuf Balogun,Corporate
C0063,Michael Nwosu,Individual
C0064,Michael Nwosu,SME
C0065,Grace Eze,Corporate
C0066,Tunde Umeh,SME
C0067,Esther Adeyemi,Corporate
C0068,Chinedu Musa,Individual
C0069,Ngozi Bello,Corporate
C0070,Blessing Onyeka,Individual
C0071,Mary Abubakar,Individual
C0072,Femi Nwosu,Corporate
C0073,Samuel Abubakar,Corporate
C0074,Daniel Umeh,Individual
C0075,Yusuf Umeh,SME
C0076,Amina Chukwu,SME
C0077,Ngozi Chukwu,Individual
C0078,Chioma Onyeka,Corporate
C0079,Yusuf Onyeka,SME
C0080,David Adeyemi,Corporate
C0081,Ada Nwosu,Individual
C0082,Blessing Olawale,SME
C0083,Amina Balogun,SME
C0084,Yusuf Umeh,Corporate
C0085,Blessing Umeh,SME
C0086,Ngozi Musa,SME
C0087,Ada Musa,SME
C0088,Ibrahim Abubakar,SME
C0089,Emeka Bello,Individual
C0090,Grace Onyeka,SME
C0091,Blessing Umeh,Corporate
C0092,Ibrahim Ezeh,SME
C0093,Amina Abubakar,Individual
C0094,David Olawale,SME
C0095,Amina Adeyemi,Individual
C0096,Grace Ezeh,SME
C0097,Ada Eze,SME
C0098,Chinedu Eze,SME
C0099,Michael Adeyemi,Corporate
C0100,Femi Balogun,Corporate
C0101,Esther Musa,Corporate
C0102,Femi Onyeka,SME
C0103,Chioma Onyeka,SME
C0104,Tunde Bello,SME
C0105,Esther Umeh,Individual
C0106,Blessing Ibrahim,Corporate
C0107,Ibrahim Musa,SME
C0108,Joy Nwosu,Individual
C0109,Emeka Ezeh,Corporate
C0110,Chioma Onyeka,Corporate
C0111,Emeka Balogun,Corporate
C0112,Ada Nwosu,Corporate
C0113,Grace Olawale,Individual
C0114,Ibrahim Olawale,Individual
C0115,Ngozi Eze,SME
C0116,Ifeoma Adeyemi,Individual
C0117,David Okafor,Individual
C0118,Michael Umeh,Corporate
C0119,Ifeoma Abubakar,Individual
C0120,Ifeoma Okafor,SME
C0121,Femi Balogun,Individual
C0122,Chinedu Eze,Individual
C0123,Femi Ezeh,SME
C0124,Chinedu Musa,Corporate
C0125,David Adeyemi,Corporate
C0126,Ibrahim Eze,SME
C0127,Yusuf Chukwu,Individual
C0128,Esther Eze,Individual
C0129,Chioma Bello,Corporate
C0130,Michael Abubakar,SME
C0131,Esther Eze,SME
C0132,Esther Onyeka,Corporate
C0133,Mary Eze,Corporate
C0134,Ngozi Adeyemi,SME
C0135,Mary Adebayo,Individual
C0136,Mary Nwosu,SME
C0137,Daniel Musa,SME
C0138,Chinedu Chukwu,SME
C0139,Ngozi Okafor,SME
C0140,Samuel Balogun,Individual
C0141,David Onyeka,Individual
C0142,Ngozi Eze,Corporate
C0143,Emeka Eze,SME
C0144,Chioma Olawale,SME
C0145,Tunde Nwosu,Corporate
C0146,Blessing Ibrahim,Corporate
C0147,Daniel Eze,SME
C0148,Femi Olawale,SME
C0149,Chioma Adeyemi,Corporate
C0150,Chinedu Chukwu,Corporate
C0151,Chioma Musa,Individual
C0152,Amina Adeyemi,Corporate
C0153,Ifeoma Bello,Corporate
C0154,Mary Olawale,SME
C0155,Esther Eze,Individual
C0156,Samuel Ezeh,Corporate
C0157,Chinedu Bello,SME
C0158,Samuel Okafor,Individual
C0159,Samuel Ibrahim,Corporate
C0160,Daniel Ibrahim,SME
C0161,Mary Balogun,SME
C0162,Chioma Chukwu,SME
C0163,Esther Bello,SME
C0164,Emeka Ibrahim,SME
C0165,Emeka Okafor,Corporate
C0166,Michael Balogun,Individual
C0167,Chioma Okafor,SME
C0168,David Okafor,Corporate
C0169,Chinedu Abubakar,Corporate
C0170,Esther Umeh,SME
C0171,Ibrahim Bello,SME
C0172,Chinedu Umeh,Corporate
C0173,Femi Musa,SME
C0174,Blessing Adeyemi,Corporate
C0175,Joy Adeyemi,SME
C0176,Ifeoma Nwosu,Corporate
C0177,Ngozi Ezeh,SME
C0178,Michael Eze,SME
C0179,Michael Abubakar,Individual
C0180,Chinedu Abubakar,Corporate
C0181,Femi Nwosu,SME
C0182,Michael Abubakar,Corporate
C0183,Ibrahim Adebayo,Individual
C0184,Yusuf Eze,Individual
C0185,David Eze,Corporate
C0186,Yusuf Nwosu,SME
C0187,Tunde Chukwu,Individual
C0188,Ada Olawale,SME
C0189,David Ezeh,SME
C0190,Femi Okafor,Corporate
C0191,Daniel Abubakar,Corporate
C0192,Michael Adeyemi,Individual
C0193,Femi Umeh,Individual
C0194,Emeka Umeh,SME
C0195,Yusuf Bello,SME
C0196,Grace Ezeh,SME
C0197,Femi Ezeh,SME
C0198,Ifeoma Adebayo,Individual
C0199,Ada Bello,Individual
C0200,Daniel Musa,Individual
C0201,Chioma Balogun,SME
C0202,Ada Abubakar,Corporate
C0203,Ibrahim Okafor,Corporate
C0204,Chioma Ibrahim,Individual
C0205,Ngozi Ezeh,SME
C0206,Tunde Ibrahim,Corporate
C0207,Ngozi Ezeh,Corporate
C0208,Ngozi Balogun,SME
C0209,Chioma Bello,Corporate
C0210,Yusuf Ibrahim,Corporate
C0211,Joy Eze,SME
C0212,David Eze,SME
C0213,Yusuf Umeh,SME
C0214,Esther Ibrahim,Corporate
C0215,Chinedu Adeyemi,SME
C0216,Mary Musa,Corporate
C0217,Yusuf Okafor,SME
C0218,Amina Adebayo,SME
C0219,Tunde Chukwu,SME
C0220,Yusuf Bello,Individual
C0221,Daniel Umeh,SME
C0222,Mary Umeh,SME
C0223,Amina Adeyemi,Corporate
C0224,Femi Ezeh,SME
C0225,Tunde Umeh,Corporate
C0226,Chinedu Musa,Corporate
C0227,Grace Abubakar,Individual
C0228,Chioma Bello,SME
C0229,Mary Bello,Individual
C0230,Chinedu Ibrahim,SME
C0231,Grace Ezeh,Individual
C0232,Chinedu Ezeh,SME
C0233,Grace Eze,SME
C0234,Ifeoma Chukwu,SME
C0235,Ngozi Adebayo,Corporate
C0236,Chioma Ezeh,SME
C0237,Mary Abubakar,Corporate
C0238,Tunde Ezeh,Corporate
C0239,Ifeoma Musa,SME
C0240,Blessing Onyeka,Corporate
C0241,Blessing Ezeh,Individual
C0242,Mary Okafor,Individual
C0243,Blessing Balogun,Individual
C0244,David Onyeka,SME
C0245,Mary Onyeka,Corporate
C0246,Ifeoma Ibrahim,Individual
C0247,Blessing Onyeka,SME
C0248,Ngozi Nwosu,Individual
C0249,Chinedu Musa,Individual
C0250,Esther Eze,Individual
C0251,Emeka Musa,Corporate
C0252,Daniel Adebayo,SME
C0253,Ada Musa,Individual
C0254,Ifeoma Eze,SME
C0255,Amina Chukwu,Corporate
C0256,Emeka Nwosu,SME
C0257,David Ibrahim,Individual
C0258,Femi Onyeka,SME
C0259,Yusuf Adebayo,SME
C0260,Ibrahim Nwosu,Corporate
C0261,Chioma Adebayo,SME
C0262,Amina Adeyemi,Individual
C0263,Yusuf Bello,Corporate
C0264,Michael Ibrahim,SME
C0265,Chinedu Adeyemi,Individual
C0266,Joy Nwosu,SME
C0267,Grace Balogun,SME
C0268,David Nwosu,SME
C0269,Joy Umeh,SME
C0270,Ngozi Nwosu,Corporate
C0271,Michael Eze,Individual
C0272,Yusuf Okafor,Individual
C0273,Mary Okafor,Individual
C0274,Ibrahim Ezeh,Individual
C0275,Chioma Chukwu,SME
C0276,Emeka Adebayo,SME
C0277,Mary Adeyemi,Individual
C0278,David Abubakar,SME
C0279,David Chukwu,SME
C0280,Ngozi Balogun,Individual
C0281,Ada Umeh,Individual
C0282,Ada Chukwu,SME
C0283,Mary Adebayo,SME
C0284,Samuel Balogun,Corporate
C0285,Ada Umeh,SME
C0286,Tunde Eze,Corporate
C0287,Mary Chukwu,SME
C0288,Samuel Chukwu,SME
C0289,Blessing Abubakar,Corporate
C0290,Michael Ibrahim,SME
C0291,Samuel Umeh,Corporate
C0292,Amina Ibrahim,Corporate
C0293,Ada Eze,Individual
C0294,Mary Onyeka,SME
C0295,Michael Abubakar,Corporate
C0296,David Olawale,SME
C0297,Daniel Olawale,Individual
C0298,Emeka Umeh,Corporate
C0299,Esther Onyeka,SME
C0300,Blessing Chukwu,Corporate
